参加者A,5
参加者B,3
参加者C,7
参加者D,4
参加者E,6
参加者F,2
参加者G,8
参加者H,5
参加者I,3
参加者J,4
参加者K,6
参加者L,5
参加者M,7
参加者N,3
参加者O,4
参加者P,5
参加者Q,6
参加者R,3
参加者S,8
参加者T,4
参加者U,5
参加者V,7
参加者W,3
参加者X,6
参加者Y,4
参加者Z,5
参加者AA,7
参加者AB,3
参加者AC,6
参加者AD,4
参加者AE,5
参加者AF,8
参加者AG,3
参加者AH,7
参加者AI,4
参加者AJ,6
参加者AK,5
参加者AL,3
参加者AM,7
参加者AN,4
参加者AO,6
参加者AP,5
参加者AQ,8
参加者AR,3
参加者AS,4
参加者AT,7
参加者AU,5
参加者AV,6
参加者AW,3
参加者AX,4
参加者AY,5
参加者AZ,7
参加者BA,6
参加者BB,4
参加者BC,5
参加者BD,3
参加者BE,8
参加者BF,4
参加者BG,6
参加者BH,5
参加者BI,7
参加者BJ,3
参加者BK,4
参加者BL,6
参加者BM,5
参加者BN,7
参加者BO,3
参加者BP,8
参加者BQ,4
参加者BR,5
参加者BS,6
参加者BT,3
参加者BU,7
参加者BV,4
参加者BW,5
参加者BX,6
参加者BY,8
参加者BZ,3
参加者CA,5
参加者CB,7
参加者CC,4
参加者CD,6
参加者CE,3
参加者CF,5
参加者CG,7
参加者CH,4
参加者CI,6
参加者CJ,5
参加者CK,8
参加者CL,3
参加者CM,4
参加者CN,7
参加者CO,5
参加者CP,6
参加者CQ,3
参加者CR,4
参加者CS,5
参加者CT,7
